[{"model": "plateformeweb.organization", "pk": 1, "fields": {"name": "Atelier Soud\u00e9", "owner": null, "description": "Organisation super top", "picture": "organizations/logo-v3-ateliersoude-01.png", "active": true, "slug": "atelier-soude", "created_at": "2018-06-24T08:26:19.026Z", "updated_at": "2018-12-16T12:45:40.537Z"}}, {"model": "plateformeweb.organization", "pk": 3, "fields": {"name": "Linux et Populus", "owner": 37, "description": "Linux et populus", "picture": "organizations/logo_linuxpop.png", "active": true, "slug": "linux-et-populus", "created_at": "2018-12-14T09:47:39.065Z", "updated_at": "2018-12-16T12:51:30.085Z"}}, {"model": "plateformeweb.organizationperson", "pk": 3, "fields": {"organization": 1, "user": 19, "role": 30}}, {"model": "plateformeweb.organizationperson", "pk": 7, "fields": {"organization": 1, "user": 23, "role": 30}}, {"model": "plateformeweb.organizationperson", "pk": 12, "fields": {"organization": 1, "user": 38, "role": 20}}, {"model": "plateformeweb.organizationperson", "pk": 13, "fields": {"organization": 1, "user": 37, "role": 20}}, {"model": "plateformeweb.organizationperson", "pk": 14, "fields": {"organization": 3, "user": 37, "role": 30}}, {"model": "plateformeweb.organizationperson", "pk": 15, "fields": {"organization": 3, "user": 36, "role": 10}}, {"model": "plateformeweb.organizationperson", "pk": 16, "fields": {"organization": 1, "user": 36, "role": 30}}, {"model": "plateformeweb.placetype", "pk": 1, "fields": {"name": "Open Space", "slug": "open-space"}}, {"model": "plateformeweb.place", "pk": 3, "fields": {"name": "la MEC", "organization": 1, "owner": null, "description": "zrtert", "type": 1, "slug": "la-mec", "address": 3, "picture": "places/Screen_Shot_2018-07-01_at_18.22.51.png", "created_at": "2018-07-26T08:40:21.771Z", "updated_at": "2018-07-26T08:40:21.771Z"}}, {"model": "plateformeweb.place", "pk": 4, "fields": {"name": "La MYNE", "organization": 1, "owner": null, "description": "eret", "type": 1, "slug": "la-myne", "address": 4, "picture": "places/Screen_Shot_2018-07-01_at_17.26.10.png", "created_at": "2018-07-26T08:49:16.973Z", "updated_at": "2018-07-26T08:49:16.973Z"}}, {"model": "plateformeweb.place", "pk": 7, "fields": {"name": "tretre", "organization": 1, "owner": null, "description": "tretre", "type": 1, "slug": "tretre", "address": 7, "picture": "places/Screen_Shot_2018-06-24_at_13.11.58.png", "created_at": "2018-07-26T08:53:01.372Z", "updated_at": "2018-07-26T08:53:01.372Z"}}, {"model": "plateformeweb.place", "pk": 9, "fields": {"name": "test", "organization": 1, "owner": null, "description": "test", "type": 1, "slug": "test", "address": 9, "picture": "places/atelier.jpg", "created_at": "2018-07-26T08:56:31.463Z", "updated_at": "2018-07-26T08:56:31.463Z"}}, {"model": "plateformeweb.place", "pk": 10, "fields": {"name": "la MEC", "organization": 1, "owner": 23, "description": "efefe", "type": 1, "slug": "la-mec-2", "address": 11, "picture": "places/43246195_1946943292265310_8785898307445587968_o.jpg", "created_at": "2018-12-14T12:22:24.425Z", "updated_at": "2018-12-14T12:22:24.425Z"}}, {"model": "plateformeweb.place", "pk": 11, "fields": {"name": "Local de la bombarde", "organization": 1, "owner": 37, "description": "ERERELR", "type": 1, "slug": "local-de-la-bombarde", "address": 12, "picture": "places/inspire_2016.jpg", "created_at": "2018-12-15T22:23:55.708Z", "updated_at": "2018-12-16T15:16:12.626Z"}}, {"model": "plateformeweb.condition", "pk": 1, "fields": {"name": "Adhesion", "resume": "vous devez adh\u00e9rer", "description": "L'adhesion c'est bien", "organization": 1, "price": 5}}, {"model": "plateformeweb.condition", "pk": 2, "fields": {"name": "Connaissance de Linux", "resume": "Vous devez avoir des bases en linux", "description": "Super !", "organization": 1, "price": 0}}, {"model": "plateformeweb.condition", "pk": 35, "fields": {"name": "Avoir des connaissances", "resume": "Vous devez connaitre linux", "description": "C'est bien !", "organization": 3, "price": 5}}, {"model": "plateformeweb.activity", "pk": 1, "fields": {"name": "Atelier de r\u00e9paration", "slug": "atelier-de-reparation", "organization": 1, "description": "Atelier de r\u00e9paration", "picture": "activities/43246195_1946943292265310_8785898307445587968_o.jpg"}}, {"model": "plateformeweb.activity", "pk": 2, "fields": {"name": "Hack Ethic", "slug": "hack-ethic", "organization": 3, "description": "super le hack", "picture": "activities/image-recrutement.jpg"}}, {"model": "plateformeweb.activity", "pk": 35, "fields": {"name": "Formation Linux", "slug": "formation-linux", "organization": 3, "description": "Formation Linux", "picture": "activities/IMG_3738.JPG"}}, {"model": "plateformeweb.event", "pk": 644, "fields": {"title": "Atelier de r\u00e9paration", "organization": 1, "owner": 23, "published": false, "publish_at": "2018-12-20T15:17:02Z", "type": 1, "slug": "atelier-de-reparation-atelier-soude-la-myne-2", "starts_at": "2018-12-27T15:17:02Z", "ends_at": "2018-12-27T18:17:02Z", "available_seats": 10, "location": 4, "created_at": "2018-12-15T22:17:05.649Z", "updated_at": "2018-12-15T22:17:05.746Z", "condition": [], "attendees": [], "presents": [], "organizers": [23]}}, {"model": "plateformeweb.event", "pk": 645, "fields": {"title": "Atelier de r\u00e9paration", "organization": 1, "owner": 23, "published": false, "publish_at": "2018-12-27T15:17:02Z", "type": 1, "slug": "atelier-de-reparation-atelier-soude-la-myne-3", "starts_at": "2019-01-03T15:17:02Z", "ends_at": "2019-01-03T18:17:02Z", "available_seats": 10, "location": 4, "created_at": "2018-12-15T22:17:05.830Z", "updated_at": "2018-12-15T22:17:05.925Z", "condition": [], "attendees": [], "presents": [], "organizers": [23]}}, {"model": "plateformeweb.event", "pk": 646, "fields": {"title": "Atelier de r\u00e9paration", "organization": 1, "owner": 23, "published": false, "publish_at": "2019-01-03T15:17:02Z", "type": 1, "slug": "atelier-de-reparation-atelier-soude-la-myne-4", "starts_at": "2019-01-10T15:17:02Z", "ends_at": "2019-01-10T18:17:02Z", "available_seats": 10, "location": 4, "created_at": "2018-12-15T22:17:06.036Z", "updated_at": "2018-12-15T22:17:06.131Z", "condition": [], "attendees": [], "presents": [], "organizers": [23]}}, {"model": "plateformeweb.event", "pk": 647, "fields": {"title": "Atelier de r\u00e9paration", "organization": 1, "owner": 23, "published": false, "publish_at": "2019-01-10T15:17:02Z", "type": 1, "slug": "atelier-de-reparation-atelier-soude-la-myne-5", "starts_at": "2019-01-17T15:17:02Z", "ends_at": "2019-01-17T18:17:02Z", "available_seats": 10, "location": 4, "created_at": "2018-12-15T22:17:06.301Z", "updated_at": "2018-12-15T22:17:06.451Z", "condition": [], "attendees": [], "presents": [], "organizers": [23]}}, {"model": "plateformeweb.event", "pk": 648, "fields": {"title": "Atelier de r\u00e9paration", "organization": 1, "owner": 23, "published": false, "publish_at": "2019-01-17T15:17:02Z", "type": 1, "slug": "atelier-de-reparation-atelier-soude-la-myne-6", "starts_at": "2019-01-24T15:17:02Z", "ends_at": "2019-01-24T18:17:02Z", "available_seats": 10, "location": 4, "created_at": "2018-12-15T22:17:06.632Z", "updated_at": "2018-12-15T22:17:06.728Z", "condition": [], "attendees": [], "presents": [], "organizers": [23]}}, {"model": "plateformeweb.event", "pk": 649, "fields": {"title": "Atelier de r\u00e9paration", "organization": 1, "owner": 23, "published": false, "publish_at": "2019-01-24T15:17:02Z", "type": 1, "slug": "atelier-de-reparation-atelier-soude-la-myne-7", "starts_at": "2019-01-31T15:17:02Z", "ends_at": "2019-01-31T18:17:02Z", "available_seats": 10, "location": 4, "created_at": "2018-12-15T22:17:06.913Z", "updated_at": "2018-12-15T22:17:07.008Z", "condition": [], "attendees": [], "presents": [], "organizers": [23]}}, {"model": "plateformeweb.event", "pk": 650, "fields": {"title": "Atelier de r\u00e9paration", "organization": 1, "owner": 23, "published": false, "publish_at": "2019-01-31T15:17:02Z", "type": 1, "slug": "atelier-de-reparation-atelier-soude-la-myne-8", "starts_at": "2019-02-07T15:17:02Z", "ends_at": "2019-02-07T18:17:02Z", "available_seats": 10, "location": 4, "created_at": "2018-12-15T22:17:07.200Z", "updated_at": "2018-12-15T22:17:07.298Z", "condition": [], "attendees": [], "presents": [], "organizers": [23]}}, {"model": "plateformeweb.event", "pk": 651, "fields": {"title": "Atelier de r\u00e9paration", "organization": 1, "owner": 23, "published": false, "publish_at": "2019-02-07T15:17:02Z", "type": 1, "slug": "atelier-de-reparation-atelier-soude-la-myne-9", "starts_at": "2019-02-14T15:17:02Z", "ends_at": "2019-02-14T18:17:02Z", "available_seats": 10, "location": 4, "created_at": "2018-12-15T22:17:07.514Z", "updated_at": "2018-12-15T22:17:07.656Z", "condition": [], "attendees": [], "presents": [], "organizers": [23]}}, {"model": "plateformeweb.event", "pk": 652, "fields": {"title": "Atelier de r\u00e9paration", "organization": 1, "owner": 23, "published": false, "publish_at": "2019-02-14T15:17:02Z", "type": 1, "slug": "atelier-de-reparation-atelier-soude-la-myne-10", "starts_at": "2019-02-21T15:17:02Z", "ends_at": "2019-02-21T18:17:02Z", "available_seats": 10, "location": 4, "created_at": "2018-12-15T22:17:07.995Z", "updated_at": "2018-12-15T22:17:08.091Z", "condition": [], "attendees": [], "presents": [], "organizers": [23]}}, {"model": "plateformeweb.event", "pk": 653, "fields": {"title": "Atelier de r\u00e9paration", "organization": 1, "owner": 23, "published": false, "publish_at": "2019-02-21T15:17:02Z", "type": 1, "slug": "atelier-de-reparation-atelier-soude-la-myne-11", "starts_at": "2019-02-28T15:17:02Z", "ends_at": "2019-02-28T18:17:02Z", "available_seats": 10, "location": 4, "created_at": "2018-12-15T22:17:08.350Z", "updated_at": "2018-12-15T22:17:08.444Z", "condition": [], "attendees": [], "presents": [], "organizers": [23]}}, {"model": "plateformeweb.event", "pk": 654, "fields": {"title": "Atelier de r\u00e9paration", "organization": 1, "owner": 23, "published": false, "publish_at": "2019-02-28T15:17:02Z", "type": 1, "slug": "atelier-de-reparation-atelier-soude-la-myne-12", "starts_at": "2019-03-07T15:17:02Z", "ends_at": "2019-03-07T18:17:02Z", "available_seats": 10, "location": 4, "created_at": "2018-12-15T22:17:08.747Z", "updated_at": "2018-12-15T22:17:08.845Z", "condition": [], "attendees": [], "presents": [], "organizers": [23]}}, {"model": "plateformeweb.event", "pk": 655, "fields": {"title": "Atelier de r\u00e9paration", "organization": 1, "owner": 23, "published": true, "publish_at": "2018-12-12T15:17:35Z", "type": 1, "slug": "atelier-de-reparation-atelier-soude-la-mec", "starts_at": "2018-12-19T15:17:35Z", "ends_at": "2018-12-19T18:17:35Z", "available_seats": 6, "location": 3, "created_at": "2018-12-15T22:17:37.493Z", "updated_at": "2018-12-18T19:08:25.466Z", "condition": [], "attendees": [38, 36], "presents": [37, 19, 36], "organizers": [23]}}, {"model": "plateformeweb.event", "pk": 656, "fields": {"title": "Atelier de r\u00e9paration", "organization": 1, "owner": 23, "published": false, "publish_at": "2018-12-19T15:17:35Z", "type": 1, "slug": "atelier-de-reparation-atelier-soude-la-mec-2", "starts_at": "2018-12-26T15:17:35Z", "ends_at": "2018-12-26T18:17:35Z", "available_seats": 10, "location": 3, "created_at": "2018-12-15T22:17:37.658Z", "updated_at": "2018-12-15T22:17:37.838Z", "condition": [], "attendees": [], "presents": [], "organizers": [23]}}, {"model": "plateformeweb.event", "pk": 657, "fields": {"title": "Atelier de r\u00e9paration", "organization": 1, "owner": 23, "published": false, "publish_at": "2018-12-26T15:17:35Z", "type": 1, "slug": "atelier-de-reparation-atelier-soude-la-mec-3", "starts_at": "2019-01-02T15:17:35Z", "ends_at": "2019-01-02T18:17:35Z", "available_seats": 10, "location": 3, "created_at": "2018-12-15T22:17:37.940Z", "updated_at": "2018-12-15T22:17:38.031Z", "condition": [], "attendees": [], "presents": [], "organizers": [23]}}, {"model": "plateformeweb.event", "pk": 658, "fields": {"title": "Atelier de r\u00e9paration", "organization": 1, "owner": 23, "published": false, "publish_at": "2019-01-02T15:17:35Z", "type": 1, "slug": "atelier-de-reparation-atelier-soude-la-mec-4", "starts_at": "2019-01-09T15:17:35Z", "ends_at": "2019-01-09T18:17:35Z", "available_seats": 10, "location": 3, "created_at": "2018-12-15T22:17:38.136Z", "updated_at": "2018-12-15T22:17:38.231Z", "condition": [], "attendees": [], "presents": [], "organizers": [23]}}, {"model": "plateformeweb.event", "pk": 659, "fields": {"title": "Atelier de r\u00e9paration", "organization": 1, "owner": 23, "published": false, "publish_at": "2019-01-09T15:17:35Z", "type": 1, "slug": "atelier-de-reparation-atelier-soude-la-mec-5", "starts_at": "2019-01-16T15:17:35Z", "ends_at": "2019-01-16T18:17:35Z", "available_seats": 10, "location": 3, "created_at": "2018-12-15T22:17:38.357Z", "updated_at": "2018-12-15T22:17:38.453Z", "condition": [], "attendees": [], "presents": [], "organizers": [23]}}, {"model": "plateformeweb.event", "pk": 660, "fields": {"title": "Atelier de r\u00e9paration", "organization": 1, "owner": 23, "published": false, "publish_at": "2019-01-16T15:17:35Z", "type": 1, "slug": "atelier-de-reparation-atelier-soude-la-mec-6", "starts_at": "2019-01-23T15:17:35Z", "ends_at": "2019-01-23T18:17:35Z", "available_seats": 10, "location": 3, "created_at": "2018-12-15T22:17:38.599Z", "updated_at": "2018-12-15T22:17:38.688Z", "condition": [], "attendees": [], "presents": [], "organizers": [23]}}, {"model": "plateformeweb.event", "pk": 661, "fields": {"title": "Atelier de r\u00e9paration", "organization": 1, "owner": 23, "published": false, "publish_at": "2019-01-23T15:17:35Z", "type": 1, "slug": "atelier-de-reparation-atelier-soude-la-mec-7", "starts_at": "2019-01-30T15:17:35Z", "ends_at": "2019-01-30T18:17:35Z", "available_seats": 10, "location": 3, "created_at": "2018-12-15T22:17:38.854Z", "updated_at": "2018-12-15T22:17:38.985Z", "condition": [], "attendees": [], "presents": [], "organizers": [23]}}, {"model": "plateformeweb.event", "pk": 662, "fields": {"title": "Atelier de r\u00e9paration", "organization": 1, "owner": 23, "published": false, "publish_at": "2019-01-30T15:17:35Z", "type": 1, "slug": "atelier-de-reparation-atelier-soude-la-mec-8", "starts_at": "2019-02-06T15:17:35Z", "ends_at": "2019-02-06T18:17:35Z", "available_seats": 10, "location": 3, "created_at": "2018-12-15T22:17:39.279Z", "updated_at": "2018-12-15T22:17:39.372Z", "condition": [], "attendees": [], "presents": [], "organizers": [23]}}, {"model": "plateformeweb.event", "pk": 664, "fields": {"title": "Atelier de r\u00e9paration", "organization": 3, "owner": 37, "published": true, "publish_at": "2018-12-18T10:24:25Z", "type": 1, "slug": "atelier-de-reparation-linux-et-populus-local-de-2", "starts_at": "2018-12-25T10:24:25Z", "ends_at": "2018-12-25T12:24:25Z", "available_seats": 3, "location": 11, "created_at": "2018-12-15T22:24:27.026Z", "updated_at": "2018-12-15T22:24:27.246Z", "condition": [], "attendees": [], "presents": [], "organizers": [37]}}, {"model": "plateformeweb.event", "pk": 665, "fields": {"title": "Atelier de r\u00e9paration", "organization": 3, "owner": 37, "published": false, "publish_at": "2018-12-25T10:24:25Z", "type": 1, "slug": "atelier-de-reparation-linux-et-populus-local-de--2", "starts_at": "2019-01-01T10:24:25Z", "ends_at": "2019-01-01T12:24:25Z", "available_seats": 3, "location": 11, "created_at": "2018-12-15T22:24:27.310Z", "updated_at": "2018-12-15T22:24:27.443Z", "condition": [], "attendees": [], "presents": [], "organizers": [37]}}, {"model": "plateformeweb.event", "pk": 666, "fields": {"title": "Atelier de r\u00e9paration", "organization": 3, "owner": 37, "published": false, "publish_at": "2019-01-01T10:24:25Z", "type": 1, "slug": "atelier-de-reparation-linux-et-populus-local-de-3", "starts_at": "2019-01-08T10:24:25Z", "ends_at": "2019-01-08T12:24:25Z", "available_seats": 3, "location": 11, "created_at": "2018-12-15T22:24:27.580Z", "updated_at": "2018-12-15T22:24:27.728Z", "condition": [], "attendees": [], "presents": [], "organizers": [37]}}, {"model": "plateformeweb.event", "pk": 667, "fields": {"title": "Atelier de r\u00e9paration", "organization": 3, "owner": 37, "published": false, "publish_at": "2019-01-08T10:24:25Z", "type": 1, "slug": "atelier-de-reparation-linux-et-populus-local-de--3", "starts_at": "2019-01-15T10:24:25Z", "ends_at": "2019-01-15T12:24:25Z", "available_seats": 3, "location": 11, "created_at": "2018-12-15T22:24:27.819Z", "updated_at": "2018-12-15T22:24:27.951Z", "condition": [], "attendees": [], "presents": [], "organizers": [37]}}, {"model": "plateformeweb.event", "pk": 668, "fields": {"title": "Atelier de r\u00e9paration", "organization": 3, "owner": 37, "published": false, "publish_at": "2019-01-15T10:24:25Z", "type": 1, "slug": "atelier-de-reparation-linux-et-populus-local-de-4", "starts_at": "2019-01-22T10:24:25Z", "ends_at": "2019-01-22T12:24:25Z", "available_seats": 3, "location": 11, "created_at": "2018-12-15T22:24:28.056Z", "updated_at": "2018-12-15T22:24:28.151Z", "condition": [], "attendees": [], "presents": [], "organizers": [37]}}, {"model": "plateformeweb.event", "pk": 669, "fields": {"title": "Atelier de r\u00e9paration", "organization": 3, "owner": 37, "published": false, "publish_at": "2019-01-22T10:24:25Z", "type": 1, "slug": "atelier-de-reparation-linux-et-populus-local-de--4", "starts_at": "2019-01-29T10:24:25Z", "ends_at": "2019-01-29T12:24:25Z", "available_seats": 3, "location": 11, "created_at": "2018-12-15T22:24:28.262Z", "updated_at": "2018-12-15T22:24:28.408Z", "condition": [], "attendees": [], "presents": [], "organizers": [37]}}, {"model": "plateformeweb.event", "pk": 670, "fields": {"title": "Atelier de r\u00e9paration", "organization": 3, "owner": 37, "published": false, "publish_at": "2019-01-29T10:24:25Z", "type": 1, "slug": "atelier-de-reparation-linux-et-populus-local-de-5", "starts_at": "2019-02-05T10:24:25Z", "ends_at": "2019-02-05T12:24:25Z", "available_seats": 3, "location": 11, "created_at": "2018-12-15T22:24:28.532Z", "updated_at": "2018-12-15T22:24:28.626Z", "condition": [], "attendees": [], "presents": [], "organizers": [37]}}, {"model": "plateformeweb.event", "pk": 671, "fields": {"title": "Atelier de r\u00e9paration", "organization": 3, "owner": 37, "published": false, "publish_at": "2019-02-05T10:24:25Z", "type": 1, "slug": "atelier-de-reparation-linux-et-populus-local-de--5", "starts_at": "2019-02-12T10:24:25Z", "ends_at": "2019-02-12T12:24:25Z", "available_seats": 3, "location": 11, "created_at": "2018-12-15T22:24:28.793Z", "updated_at": "2018-12-15T22:24:29.064Z", "condition": [], "attendees": [], "presents": [], "organizers": [37]}}, {"model": "plateformeweb.event", "pk": 672, "fields": {"title": "Atelier de r\u00e9paration", "organization": 3, "owner": 37, "published": false, "publish_at": "2019-02-12T10:24:25Z", "type": 1, "slug": "atelier-de-reparation-linux-et-populus-local-de-6", "starts_at": "2019-02-19T10:24:25Z", "ends_at": "2019-02-19T12:24:25Z", "available_seats": 3, "location": 11, "created_at": "2018-12-15T22:24:29.224Z", "updated_at": "2018-12-15T22:24:29.321Z", "condition": [], "attendees": [], "presents": [], "organizers": [37]}}, {"model": "plateformeweb.event", "pk": 673, "fields": {"title": "Atelier de r\u00e9paration", "organization": 3, "owner": 37, "published": false, "publish_at": "2019-02-19T10:24:25Z", "type": 1, "slug": "atelier-de-reparation-linux-et-populus-local-de--6", "starts_at": "2019-02-26T10:24:25Z", "ends_at": "2019-02-26T12:24:25Z", "available_seats": 3, "location": 11, "created_at": "2018-12-15T22:24:29.473Z", "updated_at": "2018-12-15T22:24:29.677Z", "condition": [], "attendees": [], "presents": [], "organizers": [37]}}, {"model": "plateformeweb.event", "pk": 674, "fields": {"title": "Atelier de r\u00e9paration", "organization": 3, "owner": 37, "published": false, "publish_at": "2019-02-26T10:24:25Z", "type": 1, "slug": "atelier-de-reparation-linux-et-populus-local-de-7", "starts_at": "2019-03-05T10:24:25Z", "ends_at": "2019-03-05T12:24:25Z", "available_seats": 3, "location": 11, "created_at": "2018-12-15T22:24:29.853Z", "updated_at": "2018-12-15T22:24:29.951Z", "condition": [], "attendees": [], "presents": [], "organizers": [37]}}, {"model": "plateformeweb.event", "pk": 675, "fields": {"title": "Atelier de r\u00e9paration", "organization": 3, "owner": 37, "published": false, "publish_at": "2019-03-05T10:24:25Z", "type": 1, "slug": "atelier-de-reparation-linux-et-populus-local-de--7", "starts_at": "2019-03-12T10:24:25Z", "ends_at": "2019-03-12T12:24:25Z", "available_seats": 3, "location": 11, "created_at": "2018-12-15T22:24:30.155Z", "updated_at": "2018-12-15T22:24:30.482Z", "condition": [], "attendees": [], "presents": [], "organizers": [37]}}, {"model": "plateformeweb.event", "pk": 676, "fields": {"title": "Atelier de r\u00e9paration", "organization": 3, "owner": 37, "published": false, "publish_at": "2019-03-12T10:24:25Z", "type": 1, "slug": "atelier-de-reparation-linux-et-populus-local-de-8", "starts_at": "2019-03-19T10:24:25Z", "ends_at": "2019-03-19T12:24:25Z", "available_seats": 3, "location": 11, "created_at": "2018-12-15T22:24:30.673Z", "updated_at": "2018-12-15T22:24:30.767Z", "condition": [], "attendees": [], "presents": [], "organizers": [37]}}, {"model": "plateformeweb.event", "pk": 677, "fields": {"title": "Atelier de r\u00e9paration", "organization": 3, "owner": 37, "published": false, "publish_at": "2019-03-19T10:24:25Z", "type": 1, "slug": "atelier-de-reparation-linux-et-populus-local-de--8", "starts_at": "2019-03-26T10:24:25Z", "ends_at": "2019-03-26T12:24:25Z", "available_seats": 3, "location": 11, "created_at": "2018-12-15T22:24:30.959Z", "updated_at": "2018-12-15T22:24:31.193Z", "condition": [], "attendees": [], "presents": [], "organizers": [37]}}, {"model": "plateformeweb.event", "pk": 678, "fields": {"title": "Formation Linux", "organization": 3, "owner": 37, "published": true, "publish_at": "2018-12-11T12:40:48Z", "type": 35, "slug": "formation-linux-linux-et-populus-local-de-la-bomba", "starts_at": "2018-12-21T12:40:48Z", "ends_at": "2018-12-21T14:40:48Z", "available_seats": -1, "location": 11, "created_at": "2018-12-15T22:40:49.891Z", "updated_at": "2018-12-16T15:22:51.604Z", "condition": [2], "attendees": [], "presents": [37], "organizers": [19]}}, {"model": "plateformeweb.event", "pk": 679, "fields": {"title": "Formation Linux", "organization": 3, "owner": 37, "published": true, "publish_at": "2018-12-18T12:40:48Z", "type": 35, "slug": "formation-linux-linux-et-populus-local-de-la-bom-2", "starts_at": "2018-12-28T12:40:48Z", "ends_at": "2018-12-28T14:40:48Z", "available_seats": 0, "location": 11, "created_at": "2018-12-15T22:40:50.270Z", "updated_at": "2018-12-15T22:40:50.432Z", "condition": [], "attendees": [], "presents": [], "organizers": [37]}}, {"model": "plateformeweb.event", "pk": 680, "fields": {"title": "Formation Linux", "organization": 3, "owner": 37, "published": false, "publish_at": "2018-12-25T12:40:48Z", "type": 35, "slug": "formation-linux-linux-et-populus-local-de-la-bom-3", "starts_at": "2019-01-04T12:40:48Z", "ends_at": "2019-01-04T14:40:48Z", "available_seats": 0, "location": 11, "created_at": "2018-12-15T22:40:50.542Z", "updated_at": "2018-12-15T22:40:50.644Z", "condition": [], "attendees": [], "presents": [], "organizers": [37]}}, {"model": "plateformeweb.event", "pk": 681, "fields": {"title": "Formation Linux", "organization": 3, "owner": 37, "published": false, "publish_at": "2019-01-01T12:40:48Z", "type": 35, "slug": "formation-linux-linux-et-populus-local-de-la-bom-4", "starts_at": "2019-01-11T12:40:48Z", "ends_at": "2019-01-11T14:40:48Z", "available_seats": 0, "location": 11, "created_at": "2018-12-15T22:40:50.756Z", "updated_at": "2018-12-15T22:40:50.875Z", "condition": [], "attendees": [], "presents": [], "organizers": [37]}}, {"model": "plateformeweb.event", "pk": 682, "fields": {"title": "Formation Linux", "organization": 3, "owner": 37, "published": false, "publish_at": "2019-01-08T12:40:48Z", "type": 35, "slug": "formation-linux-linux-et-populus-local-de-la-bom-5", "starts_at": "2019-01-18T12:40:48Z", "ends_at": "2019-01-18T14:40:48Z", "available_seats": 0, "location": 11, "created_at": "2018-12-15T22:40:51.093Z", "updated_at": "2018-12-15T22:40:51.199Z", "condition": [], "attendees": [], "presents": [], "organizers": [37]}}, {"model": "plateformeweb.event", "pk": 683, "fields": {"title": "Formation Linux", "organization": 3, "owner": 37, "published": false, "publish_at": "2019-01-15T12:40:48Z", "type": 35, "slug": "formation-linux-linux-et-populus-local-de-la-bom-6", "starts_at": "2019-01-25T12:40:48Z", "ends_at": "2019-01-25T14:40:48Z", "available_seats": 0, "location": 11, "created_at": "2018-12-15T22:40:51.560Z", "updated_at": "2018-12-15T22:40:51.746Z", "condition": [], "attendees": [], "presents": [], "organizers": [37]}}, {"model": "plateformeweb.event", "pk": 684, "fields": {"title": "Formation Linux", "organization": 3, "owner": 37, "published": false, "publish_at": "2019-01-22T12:40:48Z", "type": 35, "slug": "formation-linux-linux-et-populus-local-de-la-bom-7", "starts_at": "2019-02-01T12:40:48Z", "ends_at": "2019-02-01T14:40:48Z", "available_seats": 0, "location": 11, "created_at": "2018-12-15T22:40:51.974Z", "updated_at": "2018-12-15T22:40:52.079Z", "condition": [], "attendees": [], "presents": [], "organizers": [37]}}, {"model": "plateformeweb.event", "pk": 686, "fields": {"title": "Formation Linux", "organization": 3, "owner": 37, "published": false, "publish_at": "2018-12-20T12:51:40Z", "type": 35, "slug": "formation-linux-linux-et-populus-local-de-la-bom-9", "starts_at": "2018-12-27T12:51:40Z", "ends_at": "2018-12-27T14:51:40Z", "available_seats": 3, "location": 11, "created_at": "2018-12-15T22:51:42.536Z", "updated_at": "2018-12-15T22:51:42.633Z", "condition": [], "attendees": [], "presents": [], "organizers": [37]}}, {"model": "plateformeweb.event", "pk": 687, "fields": {"title": "Formation Linux", "organization": 3, "owner": 37, "published": false, "publish_at": "2018-12-27T12:51:40Z", "type": 35, "slug": "formation-linux-linux-et-populus-local-de-la-bo-10", "starts_at": "2019-01-03T12:51:40Z", "ends_at": "2019-01-03T14:51:40Z", "available_seats": 3, "location": 11, "created_at": "2018-12-15T22:51:42.877Z", "updated_at": "2018-12-15T22:51:42.971Z", "condition": [], "attendees": [], "presents": [], "organizers": [37]}}, {"model": "plateformeweb.event", "pk": 688, "fields": {"title": "Formation Linux", "organization": 3, "owner": 37, "published": false, "publish_at": "2019-01-03T12:51:40Z", "type": 35, "slug": "formation-linux-linux-et-populus-local-de-la-bo-11", "starts_at": "2019-01-10T12:51:40Z", "ends_at": "2019-01-10T14:51:40Z", "available_seats": 3, "location": 11, "created_at": "2018-12-15T22:51:43.232Z", "updated_at": "2018-12-15T22:51:43.332Z", "condition": [], "attendees": [], "presents": [], "organizers": [37]}}, {"model": "plateformeweb.event", "pk": 689, "fields": {"title": "Formation Linux", "organization": 3, "owner": 37, "published": false, "publish_at": "2019-01-10T12:51:40Z", "type": 35, "slug": "formation-linux-linux-et-populus-local-de-la-bo-12", "starts_at": "2019-01-17T12:51:40Z", "ends_at": "2019-01-17T14:51:40Z", "available_seats": 3, "location": 11, "created_at": "2018-12-15T22:51:43.732Z", "updated_at": "2018-12-15T22:51:43.888Z", "condition": [], "attendees": [], "presents": [], "organizers": [37]}}, {"model": "plateformeweb.event", "pk": 690, "fields": {"title": "Formation Linux", "organization": 3, "owner": 37, "published": false, "publish_at": "2019-01-17T12:51:40Z", "type": 35, "slug": "formation-linux-linux-et-populus-local-de-la-bo-13", "starts_at": "2019-01-24T12:51:40Z", "ends_at": "2019-01-24T14:51:40Z", "available_seats": 3, "location": 11, "created_at": "2018-12-15T22:51:44.191Z", "updated_at": "2018-12-15T22:51:44.288Z", "condition": [], "attendees": [], "presents": [], "organizers": [37]}}, {"model": "plateformeweb.event", "pk": 691, "fields": {"title": "Formation Linux", "organization": 3, "owner": 37, "published": false, "publish_at": "2019-01-24T12:51:40Z", "type": 35, "slug": "formation-linux-linux-et-populus-local-de-la-bo-14", "starts_at": "2019-01-31T12:51:40Z", "ends_at": "2019-01-31T14:51:40Z", "available_seats": 3, "location": 11, "created_at": "2018-12-15T22:51:44.622Z", "updated_at": "2018-12-15T22:51:44.716Z", "condition": [], "attendees": [], "presents": [], "organizers": [37]}}, {"model": "plateformeweb.event", "pk": 692, "fields": {"title": "Formation Linux", "organization": 3, "owner": 37, "published": false, "publish_at": "2019-01-31T12:51:40Z", "type": 35, "slug": "formation-linux-linux-et-populus-local-de-la-bo-15", "starts_at": "2019-02-07T12:51:40Z", "ends_at": "2019-02-07T14:51:40Z", "available_seats": 3, "location": 11, "created_at": "2018-12-15T22:51:45.216Z", "updated_at": "2018-12-15T22:51:45.370Z", "condition": [], "attendees": [], "presents": [], "organizers": [37]}}, {"model": "plateformeweb.event", "pk": 693, "fields": {"title": "Formation Linux", "organization": 3, "owner": 37, "published": false, "publish_at": "2019-02-07T12:51:40Z", "type": 35, "slug": "formation-linux-linux-et-populus-local-de-la-bo-16", "starts_at": "2019-02-14T12:51:40Z", "ends_at": "2019-02-14T14:51:40Z", "available_seats": 3, "location": 11, "created_at": "2018-12-15T22:51:45.756Z", "updated_at": "2018-12-15T22:51:45.850Z", "condition": [], "attendees": [], "presents": [], "organizers": [37]}}, {"model": "plateformeweb.event", "pk": 694, "fields": {"title": "Atelier de r\u00e9paration", "organization": 3, "owner": 37, "published": true, "publish_at": "2018-12-11T14:00:00Z", "type": 1, "slug": "atelier-de-reparation-linux-et-populus-local-de-la", "starts_at": "2018-12-18T14:00:00Z", "ends_at": "2018-12-18T14:00:00Z", "available_seats": 1, "location": 11, "created_at": "2018-12-16T09:24:21.365Z", "updated_at": "2018-12-16T09:39:46.838Z", "condition": [], "attendees": [], "presents": [36], "organizers": [37]}}, {"model": "plateformeweb.event", "pk": 695, "fields": {"title": "Atelier de r\u00e9paration", "organization": 1, "owner": 23, "published": true, "publish_at": "2018-11-19T07:34:19Z", "type": 1, "slug": "atelier-de-reparation-atelier-soude-tretre", "starts_at": "2018-12-19T07:34:19Z", "ends_at": "2018-12-19T07:34:19Z", "available_seats": 4, "location": 7, "created_at": "2018-12-18T17:34:21.171Z", "updated_at": "2018-12-18T19:11:12.447Z", "condition": [], "attendees": [], "presents": [], "organizers": [23]}}, {"model": "plateformeweb.event", "pk": 697, "fields": {"title": "Atelier de r\u00e9paration", "organization": 1, "owner": 23, "published": true, "publish_at": "2018-11-26T07:34:19Z", "type": 1, "slug": "atelier-de-reparation-atelier-soude-tretre-3", "starts_at": "2018-12-26T07:34:19Z", "ends_at": "2018-12-26T07:34:19Z", "available_seats": 4, "location": 7, "created_at": "2018-12-18T17:34:21.759Z", "updated_at": "2018-12-18T17:34:21.915Z", "condition": [], "attendees": [], "presents": [], "organizers": [23]}}, {"model": "plateformeweb.event", "pk": 698, "fields": {"title": "Atelier de r\u00e9paration", "organization": 1, "owner": 23, "published": true, "publish_at": "2018-12-02T07:34:19Z", "type": 1, "slug": "atelier-de-reparation-atelier-soude-tretre-4", "starts_at": "2019-01-01T07:34:19Z", "ends_at": "2019-01-01T07:34:19Z", "available_seats": 4, "location": 7, "created_at": "2018-12-18T17:34:22.045Z", "updated_at": "2018-12-18T17:34:22.140Z", "condition": [], "attendees": [], "presents": [], "organizers": [23]}}, {"model": "plateformeweb.event", "pk": 699, "fields": {"title": "Atelier de r\u00e9paration", "organization": 1, "owner": 23, "published": true, "publish_at": "2018-12-03T07:34:19Z", "type": 1, "slug": "atelier-de-reparation-atelier-soude-tretre-5", "starts_at": "2019-01-02T07:34:19Z", "ends_at": "2019-01-02T07:34:19Z", "available_seats": 4, "location": 7, "created_at": "2018-12-18T17:34:22.274Z", "updated_at": "2018-12-18T17:34:22.375Z", "condition": [], "attendees": [], "presents": [], "organizers": [23]}}, {"model": "plateformeweb.event", "pk": 700, "fields": {"title": "Atelier de r\u00e9paration", "organization": 1, "owner": 23, "published": true, "publish_at": "2018-12-09T07:34:19Z", "type": 1, "slug": "atelier-de-reparation-atelier-soude-tretre-6", "starts_at": "2019-01-08T07:34:19Z", "ends_at": "2019-01-08T07:34:19Z", "available_seats": 4, "location": 7, "created_at": "2018-12-18T17:34:22.527Z", "updated_at": "2018-12-18T17:34:22.625Z", "condition": [], "attendees": [], "presents": [], "organizers": [23]}}, {"model": "plateformeweb.event", "pk": 701, "fields": {"title": "Atelier de r\u00e9paration", "organization": 1, "owner": 23, "published": true, "publish_at": "2018-12-10T07:34:19Z", "type": 1, "slug": "atelier-de-reparation-atelier-soude-tretre-7", "starts_at": "2019-01-09T07:34:19Z", "ends_at": "2019-01-09T07:34:19Z", "available_seats": 4, "location": 7, "created_at": "2018-12-18T17:34:22.804Z", "updated_at": "2018-12-18T17:34:22.899Z", "condition": [], "attendees": [], "presents": [], "organizers": [23]}}, {"model": "plateformeweb.event", "pk": 702, "fields": {"title": "Atelier de r\u00e9paration", "organization": 1, "owner": 23, "published": true, "publish_at": "2018-12-16T07:34:19Z", "type": 1, "slug": "atelier-de-reparation-atelier-soude-tretre-8", "starts_at": "2019-01-15T07:34:19Z", "ends_at": "2019-01-15T07:34:19Z", "available_seats": 4, "location": 7, "created_at": "2018-12-18T17:34:23.190Z", "updated_at": "2018-12-18T17:34:23.335Z", "condition": [], "attendees": [], "presents": [], "organizers": [23]}}, {"model": "plateformeweb.event", "pk": 703, "fields": {"title": "Atelier de r\u00e9paration", "organization": 1, "owner": 23, "published": true, "publish_at": "2018-12-17T07:34:19Z", "type": 1, "slug": "atelier-de-reparation-atelier-soude-tretre-9", "starts_at": "2019-01-16T07:34:19Z", "ends_at": "2019-01-16T07:34:19Z", "available_seats": 4, "location": 7, "created_at": "2018-12-18T17:34:23.548Z", "updated_at": "2018-12-18T17:34:23.643Z", "condition": [], "attendees": [], "presents": [], "organizers": [23]}}, {"model": "plateformeweb.event", "pk": 704, "fields": {"title": "Atelier de r\u00e9paration", "organization": 1, "owner": 23, "published": false, "publish_at": "2018-12-23T07:34:19Z", "type": 1, "slug": "atelier-de-reparation-atelier-soude-tretre-10", "starts_at": "2019-01-22T07:34:19Z", "ends_at": "2019-01-22T07:34:19Z", "available_seats": 4, "location": 7, "created_at": "2018-12-18T17:34:23.883Z", "updated_at": "2018-12-18T17:34:23.979Z", "condition": [], "attendees": [], "presents": [], "organizers": [23]}}, {"model": "plateformeweb.event", "pk": 705, "fields": {"title": "Atelier de r\u00e9paration", "organization": 1, "owner": 23, "published": false, "publish_at": "2018-12-24T07:34:19Z", "type": 1, "slug": "atelier-de-reparation-atelier-soude-tretre-11", "starts_at": "2019-01-23T07:34:19Z", "ends_at": "2019-01-23T07:34:19Z", "available_seats": 4, "location": 7, "created_at": "2018-12-18T17:34:24.235Z", "updated_at": "2018-12-18T17:34:24.332Z", "condition": [], "attendees": [], "presents": [], "organizers": [23]}}, {"model": "plateformeweb.event", "pk": 706, "fields": {"title": "Atelier de r\u00e9paration", "organization": 1, "owner": 23, "published": false, "publish_at": "2018-12-30T07:34:19Z", "type": 1, "slug": "atelier-de-reparation-atelier-soude-tretre-12", "starts_at": "2019-01-29T07:34:19Z", "ends_at": "2019-01-29T07:34:19Z", "available_seats": 4, "location": 7, "created_at": "2018-12-18T17:34:24.768Z", "updated_at": "2018-12-18T17:34:24.878Z", "condition": [], "attendees": [], "presents": [], "organizers": [23]}}, {"model": "plateformeweb.event", "pk": 707, "fields": {"title": "Atelier de r\u00e9paration", "organization": 1, "owner": 23, "published": false, "publish_at": "2018-12-31T07:34:19Z", "type": 1, "slug": "atelier-de-reparation-atelier-soude-tretre-13", "starts_at": "2019-01-30T07:34:19Z", "ends_at": "2019-01-30T07:34:19Z", "available_seats": 4, "location": 7, "created_at": "2018-12-18T17:34:25.185Z", "updated_at": "2018-12-18T17:34:25.276Z", "condition": [], "attendees": [], "presents": [], "organizers": [23]}}, {"model": "plateformeweb.event", "pk": 708, "fields": {"title": "Atelier de r\u00e9paration", "organization": 1, "owner": 23, "published": false, "publish_at": "2019-01-06T07:34:19Z", "type": 1, "slug": "atelier-de-reparation-atelier-soude-tretre-14", "starts_at": "2019-02-05T07:34:19Z", "ends_at": "2019-02-05T07:34:19Z", "available_seats": 4, "location": 7, "created_at": "2018-12-18T17:34:25.596Z", "updated_at": "2018-12-18T17:34:25.693Z", "condition": [], "attendees": [], "presents": [], "organizers": [23]}}, {"model": "plateformeweb.event", "pk": 709, "fields": {"title": "Atelier de r\u00e9paration", "organization": 1, "owner": 23, "published": false, "publish_at": "2019-01-07T07:34:19Z", "type": 1, "slug": "atelier-de-reparation-atelier-soude-tretre-15", "starts_at": "2019-02-06T07:34:19Z", "ends_at": "2019-02-06T07:34:19Z", "available_seats": 4, "location": 7, "created_at": "2018-12-18T17:34:26.218Z", "updated_at": "2018-12-18T17:34:26.316Z", "condition": [], "attendees": [], "presents": [], "organizers": [23]}}, {"model": "plateformeweb.event", "pk": 710, "fields": {"title": "Hack Ethic", "organization": 1, "owner": 23, "published": true, "publish_at": "2018-12-12T09:19:33Z", "type": 2, "slug": "hack-ethic-atelier-soude-la-myne", "starts_at": "2018-12-19T09:19:33Z", "ends_at": "2018-12-19T11:19:33Z", "available_seats": 2, "location": 4, "created_at": "2018-12-18T19:19:35.170Z", "updated_at": "2018-12-18T19:19:35.274Z", "condition": [], "attendees": [], "presents": [], "organizers": [23]}}]